<?xml version="1.0" encoding="UTF-8"?>
<!DOCTYPE mapper PUBLIC "-//mybatis.org//DTD Mapper 3.0//EN" "http://mybatis.org/dtd/mybatis-3-mapper.dtd">

<mapper namespace="com.example.board.mapper.CommentMapper">

<!--  모든 뎃글 조회하기  -->
    <select id="selectCommentById" resultType="CommentListDTO">
        select u.NAME, c.*
        from TBL_USERS u join TBL_COMMENT c
        on u.PROVIDER_ID = c.PROVIDER_ID
        and BOARD_ID = #{boardId}
        order by COMMENT_UPDATE_DATE desc
    </select>

<!--  특정 게시글에 댓글 추가  -->
    <insert id="insertComment">
        insert into TBL_COMMENT (COMMENT_ID, BOARD_ID, PROVIDER_ID, COMMENT_CONTENT, COMMENT_REGISTER_DATE, COMMENT_UPDATE_DATE)
        values (SEQ_COMMENT.nextval, #{boardId}, #{providerId}, #{commentContent}, sysdate, sysdate)
    </insert>

<!--  댓글 삭제  -->
    <delete id="deleteComment">
        delete from TBL_COMMENT
        where COMMENT_ID = #{commentId}
    </delete>

<!--  댓글 수정  -->
    <update id="updateComment">
        update TBL_COMMENT
        set COMMENT_CONTENT = #{commentContent}, COMMENT_UPDATE_DATE = sysdate
        where COMMENT_ID = #{commentId}
    </update>


</mapper>